[
	{	
	"info": "Hiera tiny model",
	"name": "sam2_hiera_t (0.15Gb)",
	"backbone": "sam2_hiera_t",
	"checkpointFilename": "sam2_hiera_tiny.pt",
	"onnxFilename": "",
	"checkpointLink_url_1": "https://dl.fbaipublicfiles.com/segment_anything_2/072824/sam2_hiera_tiny.pt",
	"checkpointLink_url_2": "http://mib.helsinki.fi/web-update/sam/sam2_hiera_tiny.pt",
	"modelCfgLink_url_1": "https://raw.githubusercontent.com/facebookresearch/sam2/refs/heads/main/sam2/configs/sam2/sam2_hiera_t.yaml",
	"modelCfgLink_url_2": "https://mib.helsinki.fi/web-update/sam/sam2_hiera_t.yaml",
	"onnxLink": ""
	}
,
	{	
	"info": "Hiera small model",
	"name": "sam2_hiera_s (0.18Gb)",
	"backbone": "sam2_hiera_s",
	"checkpointFilename": "sam2_hiera_small.pt",
	"onnxFilename": "",
	"checkpointLink_url_1": "https://dl.fbaipublicfiles.com/segment_anything_2/072824/sam2_hiera_small.pt",
	"checkpointLink_url_2": "http://mib.helsinki.fi/web-update/sam/sam2_hiera_small.pt",
	"modelCfgLink_url_1": "https://raw.githubusercontent.com/facebookresearch/sam2/refs/heads/main/sam2/configs/sam2/sam2_hiera_s.yaml",
	"modelCfgLink_url_2": "https://mib.helsinki.fi/web-update/sam/sam2_hiera_s.yaml",
	"onnxLink": ""
	}
,
	{	
	"info": "Hiera base plus model",
	"name": "sam2_hiera_base_plus (0.32Gb)",
	"backbone": "sam2_hiera_b+",
	"checkpointFilename": "sam2_hiera_base_plus.pt",
	"onnxFilename": "",
	"checkpointLink_url_1": "https://dl.fbaipublicfiles.com/segment_anything_2/072824/sam2_hiera_base_plus.pt",
	"checkpointLink_url_2": "http://mib.helsinki.fi/web-update/sam/sam2_hiera_base_plus.pt",
	"modelCfgLink_url_1": "https://raw.githubusercontent.com/facebookresearch/sam2/refs/heads/main/sam2/configs/sam2/sam2_hiera_b%2B.yaml",
	"modelCfgLink_url_2": "https://mib.helsinki.fi/web-update/sam/sam2_hiera_b%2B.yaml",
	"onnxLink": ""
	}
,
{	
	"info": "Hiera large model",
	"name": "sam2_hiera_l (0.90Gb)",
	"backbone": "sam2_hiera_l",
	"checkpointFilename": "sam2_hiera_large.pt",
	"onnxFilename": "",
	"checkpointLink_url_1": "https://dl.fbaipublicfiles.com/segment_anything_2/072824/sam2_hiera_large.pt",
	"checkpointLink_url_2": "http://mib.helsinki.fi/web-update/sam/sam2_hiera_large.pt",
	"modelCfgLink_url_1": "https://raw.githubusercontent.com/facebookresearch/sam2/refs/heads/main/sam2/configs/sam2/sam2_hiera_l.yaml",
	"modelCfgLink_url_2": "https://mib.helsinki.fi/web-update/sam/sam2_hiera_l.yaml",
	"onnxLink": ""
	}
]